﻿{"paragraphs":[{"text":"%pyspark\r\n\r\nprint('Xin chao. Minh ten la Dang Cong Tuan')","user":"anonymous","dateUpdated":"2023-02-10T22:10:16+0700","config":{"colWidth":12,"fontSize":9,"enabled":true,"results":{},"editorSetting":{"language":"python","editOnDblClick":false,"completionKey":"TAB","completionSupport":true},"editorMode":"ace/mode/python","tableHide":false},"settings":{"params":{},"forms":{}},"results":{"code":"SUCCESS","msg":[{"type":"TEXT","data":"Xin chao. Minh ten la Dang Cong Tuan\n"}]},"apps":[],"jobName":"paragraph_1676025475940_651543565","id":"20230210-173755_15295093","dateCreated":"2023-02-10T17:37:55+0700","dateStarted":"2023-02-10T22:10:16+0700","dateFinished":"2023-02-10T22:10:27+0700","status":"FINISHED","progressUpdateIntervalMs":500,"focus":true,"$$hashKey":"object:348"},{"text":"%pyspark\n","user":"anonymous","dateUpdated":"2023-02-10T22:10:16+0700","config":{"colWidth":12,"fontSize":9,"enabled":true,"results":{},"editorSetting":{}},"settings":{"params":{},"forms":{}},"apps":[],"jobName":"paragraph_1676041816106_-288878335","id":"20230210-221016_32627964","dateCreated":"2023-02-10T22:10:16+0700","status":"READY","progressUpdateIntervalMs":500,"focus":true,"$$hashKey":"object:533"}],"name":"21110709","id":"2HS9FQSHA","noteParams":{},"noteForms":{},"angularObjects":{"spark:shared_process":[]},"config":{"isZeppelinNotebookCronEnable":false,"looknfeel":"default","personalizedMode":"false"},"info":{}}