﻿{"paragraphs":[{"title":"bai_05","text":"%pyspark\nmorse_dct = {'A': '.-', 'B': '-...', 'C': '-.-.', 'D': '-..', 'E': '.', \n              'F': '..-.', 'G': '--.', 'H': '....', 'I': '..', 'J': '.---', \n              'K': '-.-', 'L': '.-..', 'M': '--', 'N': '-.', 'O': '---', \n              'P': '.--.', 'Q': '--.-', 'R': '.-.', 'S': '...', 'T': '-', \n              'U': '..-', 'V': '...-', 'W': '.--', 'X': '-..-', 'Y': '-.--', \n              'Z': '--..', '0': '-----', '1': '.----', '2': '..---', \n              '3': '...--', '4': '....-', '5': '.....', '6': '-....', \n              '7': '--...', '8': '---..', '9': '----.'}\n\ntexts = z.input('Nhap chuoi can doi sang ma Morse')\ntexts = texts.upper()\nmorse_convert = ''\nfor text in texts:\n    morse_convert =  morse_convert +  (morse_dct[text]  if text in morse_dct.keys() else '') + (' ' if text == ' ' else '') \nprint(morse_convert)\n","user":"anonymous","dateUpdated":"2023-03-10T22:00:44+0700","config":{"editorSetting":{"language":"python","editOnDblClick":false,"completionKey":"TAB","completionSupport":true},"colWidth":12,"editorMode":"ace/mode/python","fontSize":9,"title":true,"results":{},"enabled":true},"settings":{"params":{"Nhap chuoi can doi sang ma Morse":"Hello ,     World  asdf"},"forms":{"Nhap chuoi can doi sang ma Morse":{"type":"TextBox","name":"Nhap chuoi can doi sang ma Morse","displayName":"Nhap chuoi can doi sang ma Morse","defaultValue":"","hidden":false,"$$hashKey":"object:1277"}}},"results":{"code":"SUCCESS","msg":[{"type":"TEXT","data":"......-...-..---      .-----.-..-..-..  .-...-....-.\n"}]},"apps":[],"jobName":"paragraph_1678437350600_695310297","id":"20230310-003856_12581617","dateCreated":"2023-03-10T15:35:50+0700","dateStarted":"2023-03-10T22:00:44+0700","dateFinished":"2023-03-10T22:00:44+0700","status":"FINISHED","progressUpdateIntervalMs":500,"focus":true,"$$hashKey":"object:172"},{"title":"Bai_06","text":"%pyspark\nprovince_dct = {\n'A': 'Newfoundland',\n'B': 'Nova Scotia',\n'C': 'Prince Edward Island',\n'E': 'New Brunswick',\n'G': 'Quebec',\n'H': 'Quebec',\n'J': 'Quebec',\n'K': 'Ontario',\n'L': 'Ontario',\n'M': 'Ontario',\n'N': 'Ontario',\n'P': 'Ontario',\n'R': 'Manitoba',\n'S': 'Saskatchewan',\n'T': 'Alberta',\n'V': 'British Columbia',\n'X': 'Nunavut or Northwest Territories',\n'Y': 'Yukon'\n}\ntext = z.input(\"Nhap vao chuoi \").replace(' ','').upper()\naddress_cvr =''\nif len(text) == 6:\n    address_pro = text[0]\n    address_ter = text[1]\n    address_cvr = address_cvr + ( province_dct[address_pro] if address_pro in province_dct.keys() else '' )\n    address_cvr = ( 'Ngoai thanh' if address_ter == '0' else 'Thanh pho' )+' o '+  address_cvr\nprint(address_cvr)\n    \n    ","user":"anonymous","dateUpdated":"2023-03-10T15:46:36+0700","config":{"editorSetting":{"language":"python","editOnDblClick":false,"completionKey":"TAB","completionSupport":true},"colWidth":12,"editorMode":"ace/mode/python","fontSize":9,"title":true,"results":{},"enabled":true},"settings":{"params":{"Nhap vao chuoi ":"T0N 1N4"},"forms":{"Nhap vao chuoi ":{"type":"TextBox","name":"Nhap vao chuoi ","displayName":"Nhap vao chuoi ","defaultValue":"","hidden":false,"$$hashKey":"object:258"}}},"results":{"code":"SUCCESS","msg":[{"type":"TEXT","data":"Ngoai thanh o Alberta\n"}]},"apps":[],"jobName":"paragraph_1678437350604_1139703368","id":"20230310-040104_5591192","dateCreated":"2023-03-10T15:35:50+0700","dateStarted":"2023-03-10T15:46:36+0700","dateFinished":"2023-03-10T15:46:36+0700","status":"FINISHED","progressUpdateIntervalMs":500,"$$hashKey":"object:173"},{"text":"%pyspark\n","user":"anonymous","dateUpdated":"2023-03-10T15:35:50+0700","config":{"editorSetting":{"language":"python","editOnDblClick":false,"completionKey":"TAB","completionSupport":true},"colWidth":12,"editorMode":"ace/mode/python","fontSize":9,"results":{},"enabled":true},"settings":{"params":{},"forms":{}},"apps":[],"jobName":"paragraph_1678437350605_1475118091","id":"20230310-132133_17032875","dateCreated":"2023-03-10T15:35:50+0700","status":"READY","errorMessage":"","progressUpdateIntervalMs":500,"$$hashKey":"object:174"}],"name":"/TriTueNhanTao/bai_01","id":"2HTPHGNVJ","noteParams":{},"noteForms":{},"angularObjects":{"spark:shared_process":[]},"config":{"isZeppelinNotebookCronEnable":false,"looknfeel":"default","personalizedMode":"false"},"info":{}}